{"cameraMode":{"drawMode":0,"name":"Shaded","section":"Shading Mode"},"sceneLighting":true,"audioPlay":false,"sceneViewState":{"m_AlwaysRefresh":false,"showFog":true,"showSkybox":true,"showFlares":true,"showImageEffects":true,"showParticleSystems":true,"showVisualEffectGraphs":true,"m_FxEnabled":true},"in2DMode":false,"pivot":{"x":-7.3806867599487309,"y":6.183558940887451,"z":0.5147491097450256},"rotation":{"x":0.03866131976246834,"y":-0.03237464651465416,"z":-0.0012450615176931024,"w":-0.99874347448349},"size":1.8073949813842774,"orthographic":false}