{"cameraMode":{"drawMode":0,"name":"Shaded","section":"Shading Mode"},"sceneLighting":true,"audioPlay":false,"sceneViewState":{"m_AlwaysRefresh":false,"showFog":true,"showSkybox":true,"showFlares":true,"showImageEffects":true,"showParticleSystems":true,"showVisualEffectGraphs":true,"m_FxEnabled":true},"in2DMode":false,"pivot":{"x":32.730709075927737,"y":2.5113606452941896,"z":29.645732879638673},"rotation":{"x":0.0184056106954813,"y":-0.28342410922050478,"z":-0.005430781282484531,"w":-0.9588451385498047},"size":30.488168716430665,"orthographic":false}