{"cameraMode":{"drawMode":0,"name":"Shaded","section":"Shading Mode"},"sceneLighting":false,"audioPlay":false,"sceneViewState":{"m_AlwaysRefresh":false,"showFog":true,"showSkybox":false,"showFlares":true,"showImageEffects":true,"showParticleSystems":true,"showVisualEffectGraphs":true,"m_FxEnabled":true},"in2DMode":false,"pivot":{"x":12.804722785949707,"y":5.895695209503174,"z":1.5332926511764527},"rotation":{"x":-0.0063078152015805248,"y":-0.024900149554014207,"z":0.00015855631500016898,"w":-0.9996787905693054},"size":7.981634140014648,"orthographic":false}